CHROM	POS	ID	REF	ALT	QUAL	FILTER	INFO	FORMAT	FORMAT_INFO	ANNOVAR_FUNCTION	GENE	EXONIC_CLASSIFICATION	AA_change	READS_REF	READS_ALT	CoverageRatio	BAF	Purity	Ploidy	TCN	A	SAMPLE	Known_driver
11	533875	rs28933406	G	T	225	PASS	DP=92;VDB=2.816342e-01;RPB=2.939905e-01;AF1=0.5;AC1=1;DP4=15,33,21,17;MQ=60;FQ=225;PV4=0.032,0.0021,1,1;ACGTNacgtnPLUS=0,0,9,5,0,0,0,18,11,0;ACGTNacgtnMINUS=0,0,6,16,0,0,0,16,8,0	GT:PL:GQ	0/1:255,0,255:99	exonic	HRAS	nonsynonymous SNV	Q61K	48	38	0.9968697	NA	0.89	4.01	4	2	NBE3	TRUE
X	76938827	NA	C	T	10.4	PASS	DP=57;VDB=7.033119e-02;RPB=-6.438006e-01;AF1=0.5;AC1=1;DP4=29,16,7,0;MQ=60;FQ=13.2;PV4=0.082,0.36,1,1;ACGTNacgtnPLUS=0,18,0,4,0,0,9,0,0,0;ACGTNacgtnMINUS=0,11,0,2,0,0,10,0,0,0	GT:PL:GQ	0/1:40,0,255:42	exonic	ATRX	nonsynonymous SNV	E603K	45	7	0.8832072	NA	0.62	2.57	2	1	NBE6	FALSE
2	29432664	rs113994087	C	T	147	PASS	DP=94;VDB=1.490911e-01;RPB=-5.231153e-01;AF1=0.5;AC1=1;DP4=40,35,6,11;MQ=60;FQ=150;PV4=0.28,1,1,1;ACGTNacgtnPLUS=0,18,0,4,0,0,16,0,7,0;ACGTNacgtnMINUS=0,22,0,2,0,0,19,0,4,0	GT:PL:GQ	0/1:177,0,255:99	exonic	ALK	nonsynonymous SNV	R1275Q	75	17	1.1394746	0.5861203	0.83	4.36	5	3	NBE7	TRUE
12	112888189	NA	G	A	225	PASS	DP=85;VDB=2.508625e-01;RPB=1.284994e+00;AF1=0.5;AC1=1;DP4=28,23,20,10;MQ=60;FQ=225;PV4=0.37,0.31,1,1;ACGTNacgtnPLUS=10,0,12,0,0,9,0,14,0,0;ACGTNacgtnMINUS=10,0,16,0,0,3,0,10,0,0	GT:PL:GQ	0/1:255,0,255:99	exonic	PTPN11	nonsynonymous SNV	E69K	51	30	1.0035297	NA	0.88	2.06	2	1	NBE8	FALSE
2	29432664	rs113994087	C	T	225	PASS	DP=74;VDB=9.999107e-02;RPB=8.397830e-01;AF1=0.5;AC1=1;DP4=10,17,21,20;MQ=60;FQ=225;PV4=0.32,0.27,1,0.4;ACGTNacgtnPLUS=0,6,0,8,0,0,5,0,9,0;ACGTNacgtnMINUS=0,4,0,16,0,0,11,0,12,0	GT:PL:GQ	0/1:255,0,255:99	exonic	ALK	nonsynonymous SNV	R1275Q	27	41	1.0316409	0.6648063	0.91	2.9	3	2	NBE10	TRUE
X	76814264	NA	ACCAGAT	A	NA	PASS	SOMATIC;BRF=0.19;FR=0.2500;HP=2;HapScore=1;MGOF=11;MMLQ=37;MQ=59.85;NF=11;NR=9;PP=1571;QD=81.313891835;SC=ATTAGCAGCTACCAGATTAAT;SbPval=0.22;Source=Platypus;TC=167;TCF=72;TCR=95;TR=20;WE=76814279;WS=76814254	GT:GL:GOF:GQ:NR:NV	1/0:-112.17,0.0,-299.7:11:99:78:20	exonic	ATRX	nonframeshift deletion	2087_2089del	78	20	1.0316409	0.6648063	0.91	2.9	3	2	NBE10	FALSE
8	38274849	NA	G	T	225	PASS	DP=68;VDB=2.950757e-01;RPB=5.452902e-01;AF1=0.5;AC1=1;DP4=12,20,16,14;MQ=60;FQ=225;PV4=0.47,0.014,1,0.37;ACGTNacgtnPLUS=0,0,6,5,0,0,0,10,6,0;ACGTNacgtnMINUS=0,0,6,11,0,0,0,10,13,0	GT:PL:GQ	0/1:255,0,255:99	exonic	FGFR1	nonsynonymous SNV	N546K	32	30	0.9816127	NA	0.89	2.02	2	1	NBE14	TRUE
12	112888166	rs121918461	A	G	225	PASS	DP=57;VDB=1.673421e-01;RPB=-6.106434e-01;AF1=0.5;AC1=1;DP4=23,13,12,7;MQ=60;FQ=225;PV4=1,1,1,1;ACGTNacgtnPLUS=10,0,6,0,0,7,0,3,0,0;ACGTNacgtnMINUS=13,0,6,0,0,6,0,4,0,0	GT:PL:GQ	0/1:255,0,255:99	exonic	PTPN11	nonsynonymous SNV	D61G	36	19	0.7400914	NA	0.91	2.91	2	1	NBE17	FALSE
8	38274849	NA	G	C	225	PASS	DP=94;VDB=2.876949e-01;RPB=-1.119003e+00;AF1=0.5;AC1=1;DP4=24,33,17,15;MQ=60;FQ=225;PV4=0.27,1,1,1;ACGTNacgtnPLUS=0,8,14,0,0,0,9,17,0,0;ACGTNacgtnMINUS=0,9,10,0,0,0,6,19,0,0	GT:PL:GQ	0/1:255,0,255:99	exonic	FGFR1	nonsynonymous SNV	N577K	57	32	1.0482951	NA	0.73	1.96	2	1	NBE18	TRUE
17	7578460	NA	ACGCGGGTGC	A	NA	PASS	SOMATIC;BRF=0.18;FR=0.2500;HP=2;HapScore=1;MGOF=5;MMLQ=37;MQ=58.31;NF=12;NR=18;PP=2958;QD=20;SC=CATGGCGCGGACGCGGGTGCC;SbPval=0.55;Source=Platypus;TC=128;TCF=55;TCR=73;TR=30;WE=7578476;WS=7578450	GT:GL:GOF:GQ:NR:NV	0/1:-300.0,0.0,-300.0:5:99:53:30	exonic	TP53	nonframeshift deletion	22_25del	53	30	0.7251286	0.966655	0.73	1.96	1	1	NBE18	FALSE
X	76875975	NA	T	A	225	PASS	DP=70;VDB=1.412502e-01;RPB=-1.135781e-01;AF1=0.5;AC1=1;DP4=19,16,15,10;MQ=60;FQ=225;PV4=1,1,1,1;ACGTNacgtnPLUS=7,0,0,8,0,6,0,0,6,0;ACGTNacgtnMINUS=8,0,0,11,0,7,0,0,10,0	GT:PL:GQ	0/1:255,0,255:99	exonic	ATRX	nonsynonymous SNV	E1682D	35	25	0.7552284	NA	0.93	2.67	2	1	NBE21	FALSE
2	29436860	rs281864720	A	C	225	PASS	DP=65;VDB=1.376491e-01;RPB=1.169624e+00;AF1=0.5;AC1=1;DP4=24,14,15,6;MQ=60;FQ=225;PV4=0.59,0.065,1,0.27;ACGTNacgtnPLUS=15,10,0,0,0,7,4,0,0,0;ACGTNacgtnMINUS=9,6,0,0,0,9,3,0,0,0	GT:PL:GQ	0/1:255,0,255:99	exonic	ALK	nonsynonymous SNV	F1245V	38	21	1.0530084	0.6639726	0.84	2.83	3	2	NBE22	TRUE
X	76778770	NA	T	C	225	PASS	DP=50;VDB=8.074836e-02;RPB=1.286097e+00;AF1=0.5;AC1=1;DP4=17,11,13,7;MQ=60;FQ=225;PV4=1,0.04,1,0.34;ACGTNacgtnPLUS=0,4,0,8,0,0,3,0,7,0;ACGTNacgtnMINUS=0,9,0,9,0,0,5,0,4,0	GT:PL:GQ	0/1:255,0,255:99	exonic	ATRX	nonsynonymous SNV	E2232G	28	20	0.5987017	NA	0.9	3.46	2	1	NBE25	FALSE
2	29432664	rs113994087	C	T	225	PASS	DP=132;VDB=1.566731e-01;RPB=1.773737e+00;AF1=0.5;AC1=1;DP4=41,54,16,13;MQ=60;FQ=225;PV4=0.3,1,1,1;ACGTNacgtnPLUS=0,21,0,9,0,0,38,0,5,0;ACGTNacgtnMINUS=0,20,0,8,0,0,18,0,9,0	GT:PL:GQ	0/1:255,0,255:99	exonic	ALK	nonsynonymous SNV	R1275Q	95	29	1.2271636	NA	0.94	3.23	4	2	NBE30	TRUE
2	29432664	rs113994087	C	T	225	PASS	DP=113;VDB=2.867106e-01;RPB=-1.763553e+00;AF1=0.5;AC1=1;DP4=23,32,21,32;MQ=60;FQ=225;PV4=0.85,1,1,1;ACGTNacgtnPLUS=0,10,0,15,0,0,15,0,16,0;ACGTNacgtnMINUS=0,13,0,6,0,0,17,0,18,0	GT:PL:GQ	0/1:255,0,255:99	exonic	ALK	nonsynonymous SNV	R1275Q	55	53	0.9832653	NA	0.98	2.03	2	1	NBE32	TRUE
11	534286	rs104894228	C	G	225	PASS	DP=99;VDB=3.033950e-01;RPB=-1.085078e-02;AF1=0.5;AC1=1;DP4=27,17,31,19;MQ=60;FQ=225;PV4=1,0.052,1,0.27;ACGTNacgtnPLUS=0,11,13,0,0,0,7,9,0,0;ACGTNacgtnMINUS=0,16,18,0,0,0,11,14,0,0	GT:PL:GQ	0/1:255,0,255:99	exonic	HRAS	nonsynonymous SNV	G13R	44	50	1.2588666	0.9975033	0.87	2.34	3	3	NBE35	TRUE
X	76890082	NA	TAC	T	NA	PASS	SOMATIC;BRF=0.26;FR=0.2500;HP=1;HapScore=1;MGOF=2;MMLQ=37;MQ=59.65;NF=16;NR=7;PP=976;QD=44.3043478261;SC=CTTCAGCTCTTACCTGTAAAG;SbPval=0.84;Source=Platypus;TC=64;TCF=34;TCR=30;TR=23;WE=76890091;WS=76890072	GT:GL:GOF:GQ:NR:NV	0/1:-102.87,0.0,-8.07:2:81:27:23	splicing	ATRX	NA	NA	27	23	0.9002	NA	0.95	2.27	1	1	NBE36	FALSE
X	76907618	NA	C	A	225	PASS	DP=31;VDB=2.526948e-01;RPB=3.006689e-01;AF1=0.5064;AC1=1;DP4=2,1,18,8;MQ=60;FQ=-11.3;PV4=1,1,1,1;ACGTNacgtnPLUS=6,1,0,0,0,5,1,0,0,0;ACGTNacgtnMINUS=12,1,0,0,0,5,0,0,0,0	GT:PL:GQ	0/1:255,0,16:19	exonic	ATRX	stopgain	E1477X	3	26	0.9224	NA	0.89	2.16	1	1	NBE41	FALSE
7	140481402	rs121913355	C	G	225	PASS	DP=96;VDB=2.967514e-01;RPB=4.494382e-01;AF1=0.5;AC1=1;DP4=36,25,21,10;MQ=60;FQ=225;PV4=0.66,0.053,1,0.086;ACGTNacgtnPLUS=0,15,12,0,0,0,13,6,0,0;ACGTNacgtnMINUS=0,21,9,0,0,0,12,7,0,0	GT:PL:GQ	0/1:255,0,255:99	exonic	BRAF	nonsynonymous SNV	G469A	61	31	1.0797353	NA	0.44	3.52	4	2	NBE44	TRUE
1	115256530	rs121913254	G	T	225	PASS	DP=63;VDB=9.041587e-02;RPB=-3.840854e-02;AF1=0.5;AC1=1;DP4=21,20,13,7;MQ=60;FQ=225;PV4=0.41,0.11,1,0.11;ACGTNacgtnPLUS=0,0,11,8,0,0,0,10,1,0;ACGTNacgtnMINUS=0,0,10,5,0,0,0,9,6,0	GT:PL:GQ	0/1:255,0,255:99	exonic	NRAS	nonsynonymous SNV	Q61K	41	20	0.9869078	NA	0.7	2.04	2	1	NBE49	TRUE
12	25398284	rs121913529	C	G	225	PASS	DP=75;VDB=2.079363e-01;RPB=9.125440e-01;AF1=0.5;AC1=1;DP4=16,31,10,15;MQ=60;FQ=225;PV4=0.61,1,1,1;ACGTNacgtnPLUS=0,13,5,0,0,0,16,6,0,0;ACGTNacgtnMINUS=0,3,5,0,0,0,16,9,0,0	GT:PL:GQ	0/1:255,0,255:99	exonic	KRAS	nonsynonymous SNV	G12A	47	25	1.0358815	NA	0.67	1.9	2	1	NBE50	TRUE
2	29445450	rs113994088	C	G	225	PASS	DP=108;VDB=2.005312e-01;RPB=-7.525061e-01;AF1=0.5;AC1=1;DP4=34,30,21,20;MQ=60;FQ=225;PV4=0.84,0.28,1,1;ACGTNacgtnPLUS=0,23,11,0,0,0,16,9,0,0;ACGTNacgtnMINUS=0,11,10,0,0,0,14,11,1,0	GT:PL:GQ	0/1:255,0,255:99	exonic	ALK	nonsynonymous SNV	G1128A	64	41	1.0324664	NA	0.9	1.93	2	1	NBE52	TRUE
17	7569558	NA	G	T	78	PASS	DP=76;VDB=1.394161e-01;RPB=-6.963867e-01;AF1=0.5;AC1=1;DP4=24,39,4,7;MQ=60;FQ=81;PV4=1,0.13,1,0.46;ACGTNacgtnPLUS=0,0,11,2,0,0,0,17,5,0;ACGTNacgtnMINUS=0,0,13,2,0,0,0,23,2,0	GT:PL:GQ	0/1:108,0,255:99	exonic	TP53	nonsynonymous SNV	T333K	63	11	0.926937	NA	0.9	1.93	2	1	NBE52	FALSE
1	115256530	rs121913254	G	T	225	PASS	DP=72;VDB=1.499986e-01;RPB=-1.568837e+00;AF1=0.5;AC1=1;DP4=23,22,10,10;MQ=60;FQ=225;PV4=1,1,1,1;ACGTNacgtnPLUS=0,0,12,7,0,0,0,15,5,0;ACGTNacgtnMINUS=0,0,11,3,0,0,0,9,4,0	GT:PL:GQ	0/1:255,0,255:99	exonic	NRAS	nonsynonymous SNV	Q61K	45	20	0.9748562	NA	0.6	2.09	2	1	NBE53	TRUE
16	3778969	NA	G	A	45	PASS	DP=66;VDB=1.302606e-01;RPB=2.055357e+00;AF1=0.5;AC1=1;DP4=36,19,4,5;MQ=60;FQ=48;PV4=0.3,0.0086,1,0.34;ACGTNacgtnPLUS=4,0,13,0,0,2,0,8,0,0;ACGTNacgtnMINUS=0,0,23,0,0,3,0,13,0,0	GT:PL:GQ	0/1:75,0,255:78	exonic	CREBBP	nonsynonymous SNV	P2027S	55	9	0.7497069	NA	0.93	2.72	2	1	NBE56	FALSE
X	76829757	NA	C	G	173	PASS	DP=28;VDB=5.288363e-02;RPB=3.233808e-01;AF1=0.5;AC1=1;DP4=9,7,4,5;MQ=60;FQ=176;PV4=1,1,1,1;ACGTNacgtnPLUS=0,4,2,0,0,0,5,3,0,0;ACGTNacgtnMINUS=0,5,2,0,0,0,3,2,0,0	GT:PL:GQ	0/1:203,0,255:99	exonic	ATRX	nonsynonymous SNV	R2095T	16	9	0.6861477	NA	0.93	2.72	2	1	NBE56	FALSE
2	29432664	rs113994087	C	T	0	PASS	DP=182;VDB=5.920155e-02;RPB=6.183719e-01;AF1=0;AC1=0;DP4=80,83,6,3;MQ=60;FQ=-244;PV4=0.33,0.49,1,1;ACGTNacgtnPLUS=0,46,0,6,0,0,40,0,2,0;ACGTNacgtnMINUS=0,34,0,0,0,0,45,0,2,0	GT:PL:GQ	0/0:0,217,255:99	exonic	ALK	nonsynonymous SNV	R1275Q	163	9	1.4978728	0.6639648	0.98	1.99	3	2	NBE59	TRUE
11	108155138	NA	C	A	225	PASS	DP=24;VDB=1.520319e-01;RPB=2.979398e-01;AF1=0.5;AC1=1;DP4=2,2,10,7;MQ=60;FQ=55;PV4=1,1,1,0.15;ACGTNacgtnPLUS=7,1,0,0,0,3,2,0,0,0;ACGTNacgtnMINUS=5,1,0,0,0,5,0,0,0,0	GT:PL:GQ	0/1:255,0,82:85	exonic	ATM	nonsynonymous SNV	Q1311K	4	17	0.5225662	0.9891919	0.9	2.17	1	1	NBE60	FALSE
2	29443695	NA	G	C	225	PASS	DP=99;VDB=1.325033e-01;RPB=2.346675e+00;AF1=0.5;AC1=1;DP4=18,28,25,24;MQ=60;FQ=225;PV4=0.31,0.25,1,0.21;ACGTNacgtnPLUS=0,12,8,0,0,0,9,14,0,0;ACGTNacgtnMINUS=0,13,10,0,0,0,17,14,0,0	GT:PL:GQ	0/1:255,0,255:99	exonic	ALK	nonsynonymous SNV	F1174L	46	49	1.0094745	NA	0.92	2.01	2	1	NBE64	TRUE
X	76907618	NA	C	A	191	PASS	DP=52;VDB=1.127606e-01;RPB=-1.134644e-01;AF1=0.5;AC1=1;DP4=18,20,7,7;MQ=60;FQ=194;PV4=1,0.077,1,0.27;ACGTNacgtnPLUS=5,8,0,0,0,4,11,0,0,0;ACGTNacgtnMINUS=2,10,0,0,0,3,9,0,0,0	GT:PL:GQ	0/1:221,0,255:99	exonic	ATRX	stopgain	E1515X	38	14	0.7213938	NA	0.62	3.02	2	1	NBE72	FALSE
7	140477843	NA	CTGTCACATT	C	NA	PASS	SOMATIC;BRF=0.15;FR=0.2500;HP=1;HapScore=1;MGOF=14;MMLQ=37;MQ=59.86;NF=16;NR=19;PP=2950;QD=20;SC=GGTGTAGGTGCTGTCACATTC;SbPval=0.69;Source=Platypus;TC=179;TCF=79;TCR=100;TR=35;WE=140477859;WS=140477833	GT:GL:GOF:GQ:NR:NV	1/0:-300.0,0.0,-300.0:14:99:95:35	exonic	BRAF	nonframeshift deletion	486_488del	95	35	1.2291963	0.7486953	0.62	3.02	4	3	NBE72	FALSE
1	115256530	rs121913254	G	T	4.35e-06	PASS	DP=73;VDB=4.784438e-02;RPB=7.038455e-01;AF1=0;AC1=0;DP4=29,32,1,4;MQ=60;FQ=-57;PV4=0.37,0.35,1,0.00038;ACGTNacgtnPLUS=0,0,17,0,0,0,0,14,2,0;ACGTNacgtnMINUS=0,0,12,1,0,0,0,19,2,0	GT:PL:GQ	0/0:0,30,255:90	exonic	NRAS	nonsynonymous SNV	Q61K	61	5	0.9456009	NA	0.77	2.09	2	1	NBE73	TRUE
2	29443696	NA	A	G	225	PASS	DP=99;VDB=7.209180e-02;RPB=-2.880068e-01;AF1=0.5;AC1=1;DP4=25,30,18,18;MQ=60;FQ=225;PV4=0.68,0.26,1,1;ACGTNacgtnPLUS=13,0,9,0,0,17,0,9,0,0;ACGTNacgtnMINUS=12,0,9,0,0,18,0,11,0,0	GT:PL:GQ	0/1:255,0,255:99	exonic	ALK	nonsynonymous SNV	F1174S	55	36	0.9855234	NA	0.77	2.09	2	1	NBE73	FALSE
16	3778978	NA	C	A	225	PASS	DP=104;VDB=2.389489e-01;RPB=-6.856656e-01;AF1=0.5;AC1=1;DP4=38,29,15,14;MQ=60;FQ=225;PV4=0.67,0.015,1,1;ACGTNacgtnPLUS=7,17,0,0,0,3,15,0,0,0;ACGTNacgtnMINUS=9,21,0,0,0,13,16,0,0,0	GT:PL:GQ	0/1:255,0,255:99	exonic	CREBBP	nonsynonymous SNV	A2024S	67	29	0.9650498	NA	0.77	2.09	2	1	NBE73	FALSE
1	115256530	rs121913254	G	T	225	PASS	DP=77;VDB=5.367702e-02;RPB=-2.002995e+00;AF1=0.5;AC1=1;DP4=23,17,15,14;MQ=60;FQ=225;PV4=0.81,0.34,1,1;ACGTNacgtnPLUS=0,0,12,2,0,0,0,9,4,0;ACGTNacgtnMINUS=0,0,11,13,0,0,0,9,10,0	GT:PL:GQ	0/1:255,0,255:99	exonic	NRAS	nonsynonymous SNV	Q61K	40	29	0.9719109	NA	0.7	2.08	2	1	NBE74	TRUE
7	140453136	rs113488022	A	T	225	PASS	DP=94;VDB=1.030398e-01;RPB=-1.493941e+00;AF1=0.5;AC1=1;DP4=15,25,21,25;MQ=60;FQ=225;PV4=0.52,0.14,1,0.44;ACGTNacgtnPLUS=6,0,0,9,0,18,0,0,13,0;ACGTNacgtnMINUS=9,0,0,13,0,8,0,0,15,0	GT:PL:GQ	0/1:255,0,255:99	exonic	BRAF	nonsynonymous SNV	V600E	40	46	1.2269155	0.6165044	0.8	2.03	NA	NA	NBE77	TRUE
11	69466040	NA	T	A	225	PASS	DP=101;VDB=2.771387e-01;RPB=5.689945e-02;AF1=0.5;AC1=1;DP4=27,31,7,22;MQ=60;FQ=225;PV4=0.066,1,1,0.17;ACGTNacgtnPLUS=5,0,0,16,0,9,0,0,13,0;ACGTNacgtnMINUS=2,0,0,11,0,13,0,0,19,0	GT:PL:GQ	0/1:255,0,255:99	exonic	CCND1	nonsynonymous SNV	V293E	58	29	0.9449385	0.6634047	0.94	3.23	3	2	NBE78	FALSE
2	29443697	NA	A	G	191	PASS	DP=177;VDB=1.514378e-01;RPB=-1.066321e+00;AF1=0.5;AC1=1;DP4=61,58,15,20;MQ=60;FQ=194;PV4=0.45,1,1,1;ACGTNacgtnPLUS=38,0,8,0,0,29,0,12,0,0;ACGTNacgtnMINUS=23,0,7,0,0,28,0,9,0,0	GT:PL:GQ	0/1:221,0,255:99	exonic	ALK	nonsynonymous SNV	F1174L	119	35	1.8143682	0.7468502	0.98	2.19	4	3	NBE81	TRUE
17	29562716	NA	GAATTGGCA	G	NA	PASS	SOMATIC;BRF=0.25;FR=0.2500;HP=3;HapScore=2;MGOF=4;MMLQ=37;MQ=60.0;NF=7;NR=11;PP=2935;QD=20;SC=TAAAGAAGTAGAATTGGCAGA;SbPval=0.28;Source=Platypus;TC=123;TCF=60;TCR=63;TR=18;WE=29562733;WS=29562706	GT:GL:GOF:GQ:NR:NV	0/1:-299.7,0.0,-195.02:4:99:43:18	exonic	NF1	frameshift deletion	E1266fs	43	18	0.5730568	0.9833209	0.87	2	1	1	NBE86	FALSE
